1;513;220
1;514;277
1;1;356
1;4;107
1;3;483
1;6;156
1;516;44
1;523;482
1;527;448
1;17;179
1;21;255
1;24;21
1;27;178
1;28;494
1;542;393
1;547;19
1;37;465
1;550;78
1;549;260
1;554;48
1;45;43
1;558;60
1;560;7
1;561;479
1;49;447
1;51;268
1;570;487
1;60;59
1;578;340
1;67;15
1;580;329
1;75;244
1;588;64
1;589;378
1;591;227
1;79;302
1;83;276
1;84;179
1;601;322
1;602;340
1;91;69
1;604;173
1;96;122
1;97;378
1;98;182
1;614;94
1;104;69
1;617;69
1;619;232
1;622;497
1;625;239
1;626;105
1;115;195
1;627;474
1;629;328
1;632;286
1;120;442
1;126;424
1;128;121
1;641;281
1;130;87
1;131;458
1;643;468
1;134;200
1;647;484
1;136;321
1;648;184
1;137;50
1;651;315
1;142;124
1;656;10
1;147;88
1;150;203
1;151;449
1;664;321
1;665;303
1;154;271
1;153;489
1;668;414
1;157;75
1;672;399
1;163;217
1;675;463
1;677;381
1;165;308
1;167;126
1;680;49
1;681;318
1;688;28
1;690;80
1;179;340
1;692;350
1;182;252
1;695;265
1;184;21
1;696;62
1;188;51
1;701;183
1;702;294
1;193;121
1;706;208
1;195;34
1;197;110
1;710;123
1;199;297
1;200;199
1;712;323
1;202;14
1;715;81
1;717;56
1;206;263
1;207;416
1;208;141
1;210;211
1;722;56
1;216;359
1;729;340
1;730;346
1;731;40
1;732;134
1;734;131
1;736;234
1;225;369
1;738;372
1;224;123
1;226;187
1;741;158
1;229;310
1;232;20
1;233;314
1;746;126
1;235;383
1;238;152
1;751;419
1;240;444
1;239;78
1;241;237
1;758;239
1;247;465
1;761;270
1;762;493
1;764;109
1;765;200
1;766;310
1;769;24
1;772;293
1;774;110
1;263;352
1;262;121
1;778;181
1;266;356
1;783;475
1;276;282
1;789;167
1;791;69
1;279;411
1;794;370
1;795;201
1;287;77
1;293;324
1;297;40
1;873;389
1;302;163
1;815;74
1;818;124
1;309;343
1;310;376
1;821;411
1;824;484
1;313;313
1;314;197
1;315;290
1;828;121
1;834;172
1;324;9
1;325;77
1;326;186
1;329;405
1;842;348
1;841;498
1;333;293
1;334;53
1;335;38
1;848;165
1;849;10
1;337;138
1;845;226
1;340;33
1;343;358
1;856;413
1;347;148
1;862;462
1;863;192
1;868;229
1;869;115
1;358;336
1;361;180
1;874;264
1;362;358
1;363;15
1;365;39
1;876;400
1;364;219
1;880;299
1;881;166
1;368;476
1;878;98
1;883;170
1;885;347
1;887;135
1;890;407
1;891;41
1;381;91
1;894;365
1;382;197
1;391;402
1;904;287
1;903;365
1;394;273
1;907;409
1;908;267
1;397;474
1;398;448
1;912;498
1;914;90
1;915;293
1;920;10
1;408;174
1;409;465
1;411;251
1;415;291
1;417;20
1;418;470
1;419;321
1;933;176
1;935;213
1;427;24
1;428;6
1;942;168
1;943;150
1;430;275
1;946;97
1;437;117
1;949;311
1;439;15
1;952;80
1;954;245
1;955;385
1;965;352
1;454;410
1;968;103
1;970;75
1;972;343
1;462;85
1;978;95
1;467;354
1;466;110
1;982;242
1;983;95
1;472;312
1;985;183
1;986;432
1;471;294
1;476;228
1;477;481
1;478;470
1;475;341
1;480;274
1;993;52
1;482;229
1;484;326
1;997;25
1;485;282
1;488;13
1;493;248
1;498;16
1;499;154
1;507;382
2;1;373
2;513;175
2;3;332
2;4;348
2;517;124
2;518;195
2;519;20
2;8;336
2;5;108
2;516;492
2;520;340
2;12;6
2;15;10
2;528;267
2;527;120
2;530;434
2;531;99
2;534;397
2;536;135
2;539;191
2;28;445
2;544;342
2;34;174
2;35;238
2;549;243
2;39;218
2;42;254
2;554;407
2;52;452
2;55;252
2;56;217
2;58;187
2;571;47
2;61;177
2;62;459
2;64;33
2;577;302
2;66;113
2;579;367
2;65;102
2;584;357
2;585;492
2;586;464
2;74;136
2;76;120
2;589;150
2;588;4
2;79;54
2;592;199
2;593;101
2;82;442
2;597;106
2;598;209
2;87;162
2;599;223
2;601;115
2;602;262
2;603;174
2;85;312
2;93;51
2;95;271
2;607;406
2;96;242
2;611;221
2;100;124
2;612;342
2;614;128
2;615;484
2;616;33
2;104;255
2;107;319
2;108;326
2;619;183
2;111;191
2;624;437
2;112;33
2;114;375
2;627;100
2;628;20
2;116;281
2;118;341
2;631;150
2;623;71
2;121;217
2;124;229
2;636;260
2;638;268
2;126;173
2;128;148
2;129;206
2;131;22
2;645;235
2;646;396
2;134;215
2;651;161
2;652;51
2;141;398
2;142;229
2;655;255
2;657;497
2;658;169
2;659;445
2;660;366
2;146;188
2;149;330
2;664;25
2;154;319
2;670;63
2;159;33
2;160;450
2;161;375
2;677;92
2;680;175
2;169;148
2;170;404
2;168;250
2;172;288
2;174;218
2;175;168
2;179;206
2;694;137
2;695;156
2;696;155
2;184;35
2;698;175
2;704;366
2;197;187
2;199;443
2;711;220
2;201;492
2;200;199
2;204;16
2;206;463
2;720;12
2;722;256
2;211;361
2;212;75
2;220;382
2;227;465
2;740;93
2;230;296
2;744;154
2;233;222
2;746;184
2;753;105
2;243;147
2;756;35
2;761;289
2;251;92
2;764;248
2;253;248
2;254;301
2;766;189
2;256;183
2;258;14
2;770;402
2;260;124
2;778;16
2;267;303
2;782;166
2;270;467
2;272;341
2;784;295
2;277;76
2;789;423
2;281;171
2;282;22
2;284;82
2;285;148
2;802;66
2;292;337
2;805;290
2;293;96
2;295;473
2;296;424
2;808;464
2;806;267
2;299;320
2;812;108
2;301;373
2;814;48
2;305;248
2;308;352
2;310;55
2;313;37
2;826;71
2;318;366
2;831;389
2;320;223
2;321;369
2;322;458
2;323;8
2;833;348
2;319;362
2;326;340
2;330;115
2;331;126
2;332;470
2;333;62
2;844;393
2;848;311
2;337;312
2;338;404
2;339;242
2;849;84
2;853;250
2;346;59
2;347;166
2;860;471
2;351;245
2;354;196
2;355;178
2;356;128
2;868;241
2;870;246
2;361;371
2;366;456
2;373;246
2;374;366
2;375;403
2;887;159
2;377;433
2;890;392
2;379;270
2;382;204
2;383;103
2;386;177
2;898;365
2;388;429
2;900;113
2;390;141
2;391;32
2;904;11
2;393;240
2;398;396
2;911;457
2;401;61
2;402;383
2;913;369
2;917;412
2;406;52
2;409;290
2;922;52
2;412;460
2;413;340
2;924;294
2;420;20
2;421;290
2;424;131
2;428;466
2;429;170
2;433;401
2;947;125
2;949;27
2;439;158
2;444;203
2;445;349
2;448;90
2;450;233
2;964;465
2;965;256
2;454;416
2;967;175
2;971;143
2;460;490
2;462;114
2;976;379
2;977;479
2;978;75
2;467;70
2;980;328
2;473;407
2;474;14
2;989;449
2;479;245
2;484;142
2;997;274
2;999;313
2;491;179
2;492;321
2;494;475
2;506;365
2;507;28
3;512;254
3;4;199
3;8;422
3;522;18
3;12;475
3;13;411
3;15;48
3;530;402
3;28;376
3;543;109
3;544;312
3;547;246
3;548;174
3;549;459
3;43;306
3;555;239
3;556;140
3;56;363
3;61;83
3;68;389
3;71;330
3;76;121
3;79;320
3;592;311
3;597;486
3;598;471
3;85;58
3;95;492
3;96;24
3;611;76
3;102;438
3;104;480
3;619;405
3;108;450
3;627;393
3;635;329
3;124;288
3;125;57
3;637;95
3;127;236
3;128;399
3;129;2
3;642;354
3;138;6
3;141;27
3;655;332
3;658;213
3;659;348
3;660;234
3;662;51
3;151;241
3;664;492
3;665;311
3;666;399
3;161;481
3;164;176
3;679;423
3;682;61
3;174;216
3;175;85
3;686;194
3;694;10
3;697;191
3;698;45
3;187;347
3;189;255
3;703;154
3;192;38
3;198;214
3;711;233
3;214;353
3;223;187
3;227;60
3;228;400
3;230;99
3;742;78
3;235;467
3;240;52
3;243;306
3;756;9
3;253;76
3;766;289
3;255;415
3;256;434
3;260;282
3;779;238
3;272;4
3;275;343
3;277;67
3;789;251
3;796;340
3;801;364
3;296;331
3;812;62
3;302;446
3;303;63
3;819;499
3;826;220
3;315;237
3;317;182
3;318;40
3;323;425
3;836;93
3;841;228
3;331;270
3;332;82
3;336;304
3;849;45
3;341;271
3;347;124
3;863;165
3;353;181
3;357;238
3;358;338
3;873;396
3;366;164
3;373;384
3;885;397
3;381;232
3;894;486
3;387;234
3;390;229
3;391;337
3;393;69
3;396;66
3;912;61
3;402;187
3;404;388
3;917;29
3;922;207
3;413;189
3;925;201
3;416;488
3;938;371
3;429;67
3;951;497
3;953;433
3;958;310
3;967;337
3;972;184
3;468;18
3;470;119
3;474;213
3;990;169
3;481;459
3;483;270
3;997;100
3;492;487
3;506;278
3;507;239
3;509;354
4;513;336
4;514;366
4;3;220
4;516;291
4;515;125
4;2;409
4;519;497
4;521;232
4;11;194
4;12;309
4;523;411
4;524;371
4;528;430
4;18;60
4;531;262
4;532;79
4;20;237
4;534;489
4;530;224
4;24;166
4;27;241
4;540;359
4;29;117
4;542;435
4;544;445
4;545;370
4;547;300
4;548;319
4;36;404
4;40;430
4;553;286
4;552;48
4;43;248
4;559;99
4;48;286
4;562;217
4;51;242
4;564;103
4;563;117
4;417;2
4;568;145
4;576;28
4;579;287
4;68;268
4;69;440
4;582;472
4;71;372
4;72;64
4;581;83
4;70;443
4;78;103
4;595;426
4;86;108
4;87;161
4;606;85
4;94;49
4;608;99
4;610;400
4;612;138
4;101;161
4;102;379
4;104;185
4;617;321
4;620;402
4;622;172
4;623;88
4;625;439
4;118;371
4;120;186
4;634;420
4;122;432
4;124;71
4;125;280
4;127;337
4;130;442
4;642;310
4;644;371
4;133;365
4;134;383
4;138;103
4;653;107
4;143;360
4;655;140
4;149;305
4;662;422
4;152;184
4;153;17
4;666;232
4;155;42
4;156;485
4;669;424
4;667;371
4;154;432
4;160;303
4;161;17
4;162;86
4;675;459
4;164;141
4;671;106
4;679;148
4;168;391
4;171;399
4;172;268
4;684;207
4;686;216
4;687;461
4;688;377
4;181;102
4;183;204
4;185;463
4;699;111
4;187;476
4;189;404
4;190;176
4;703;458
4;705;125
4;706;323
4;194;87
4;195;47
4;196;368
4;199;463
4;200;205
4;201;180
4;714;259
4;719;339
4;723;487
4;725;217
4;214;325
4;215;409
4;213;44
4;217;58
4;730;116
4;729;315
4;732;169
4;734;96
4;735;350
4;225;392
4;226;252
4;740;462
4;229;348
4;742;249
4;231;492
4;230;275
4;232;162
4;237;93
4;750;211
4;749;475
4;754;185
4;242;428
4;756;443
4;246;223
4;249;474
4;250;50
4;255;71
4;257;490
4;259;4
4;775;124
4;270;134
4;272;345
4;665;70
4;787;117
4;788;458
4;789;26
4;278;261
4;282;165
4;796;396
4;286;134
4;288;71
4;801;75
4;290;204
4;291;236
4;806;194
4;809;4
4;810;102
4;298;468
4;813;105
4;304;65
4;305;234
4;817;372
4;820;281
4;822;202
4;312;187
4;826;331
4;317;323
4;831;458
4;319;396
4;835;498
4;325;429
4;327;33
4;841;14
4;331;414
4;847;394
4;335;109
4;851;33
4;340;463
4;341;292
4;853;286
4;345;326
4;859;60
4;860;136
4;863;221
4;864;424
4;353;472
4;354;267
4;357;63
4;872;393
4;360;496
4;874;367
4;877;352
4;366;177
4;879;89
4;878;270
4;370;44
4;371;261
4;372;311
4;882;307
4;884;462
4;378;53
4;891;53
4;892;403
4;381;337
4;893;126
4;385;387
4;387;194
4;901;95
4;389;429
4;396;435
4;910;109
4;911;255
4;401;240
4;403;172
4;404;287
4;405;256
4;918;67
4;406;138
4;917;473
4;919;216
4;408;312
4;922;328
4;412;339
4;925;103
4;414;164
4;924;433
4;929;211
4;418;269
4;931;266
4;932;418
4;421;477
4;422;442
4;934;220
4;424;265
4;936;347
4;419;312
4;427;483
4;943;73
4;434;181
4;435;302
4;947;304
4;951;323
4;953;203
4;441;500
4;958;417
4;959;334
4;446;265
4;449;195
4;963;88
4;452;141
4;453;58
4;966;101
4;967;421
4;456;218
4;970;388
4;459;83
4;972;82
4;461;276
4;975;234
4;463;260
4;465;200
4;979;209
4;468;61
4;982;10
4;472;95
4;990;121
4;479;365
4;993;132
4;483;211
4;489;383
4;915;272
4;498;62
4;500;255
4;502;315
4;504;179
4;505;38
4;507;251
4;508;52
4;509;146
5;1;258
5;4;405
5;518;311
5;8;202
5;521;360
5;524;186
5;525;353
5;526;286
5;15;252
5;528;62
5;530;92
5;20;56
5;536;371
5;538;74
5;28;498
5;33;438
5;35;342
5;549;44
5;39;333
5;553;47
5;554;489
5;42;6
5;557;130
5;51;9
5;55;319
5;56;69
5;57;117
5;58;91
5;571;314
5;572;60
5;61;340
5;62;137
5;574;295
5;577;332
5;66;252
5;579;220
5;65;419
5;68;191
5;585;109
5;74;378
5;586;217
5;76;184
5;79;431
5;592;437
5;593;229
5;82;275
5;597;473
5;598;430
5;603;232
5;92;473
5;93;492
5;606;35
5;95;213
5;611;35
5;100;317
5;612;131
5;615;267
5;616;247
5;107;298
5;108;152
5;624;478
5;113;478
5;114;113
5;627;151
5;628;103
5;115;313
5;118;293
5;631;347
5;630;358
5;121;420
5;122;6
5;123;410
5;124;170
5;638;494
5;128;402
5;129;497
5;130;105
5;645;50
5;646;70
5;135;391
5;652;365
5;141;462
5;655;443
5;657;431
5;146;56
5;659;66
5;660;163
5;149;438
5;658;22
5;664;349
5;153;283
5;155;280
5;669;364
5;670;174
5;159;198
5;160;132
5;162;469
5;163;247
5;164;35
5;166;121
5;679;273
5;680;253
5;169;385
5;170;305
5;682;110
5;172;479
5;171;25
5;174;83
5;175;59
5;685;88
5;179;305
5;694;104
5;695;136
5;696;271
5;698;148
5;186;295
5;188;210
5;700;360
5;701;33
5;712;113
5;204;327
5;721;13
5;211;62
5;212;235
5;723;36
5;214;115
5;213;287
5;227;451
5;740;173
5;230;297
5;743;390
5;236;24
5;237;233
5;243;40
5;758;93
5;251;364
5;764;453
5;253;395
5;254;380
5;256;56
5;258;407
5;260;75
5;778;205
5;267;152
5;269;476
5;781;330
5;271;380
5;272;433
5;787;408
5;277;59
5;790;374
5;281;418
5;285;69
5;801;163
5;292;84
5;295;374
5;296;239
5;298;480
5;299;288
5;301;89
5;308;218
5;310;142
5;311;118
5;314;336
5;318;304
5;321;41
5;322;425
5;323;162
5;833;320
5;326;372
5;330;51
5;332;64
5;333;158
5;334;314
5;848;47
5;849;398
5;338;17
5;339;95
5;852;155
5;851;220
5;855;311
5;346;481
5;347;67
5;862;268
5;864;393
5;355;128
5;356;110
5;870;155
5;876;344
5;882;54
5;373;421
5;374;462
5;375;107
5;889;449
5;379;38
5;382;265
5;895;351
5;894;150
5;386;485
5;387;466
5;388;240
5;900;425
5;390;434
5;393;200
5;910;155
5;398;113
5;401;14
5;402;57
5;913;55
5;919;437
5;921;198
5;923;76
5;413;99
5;928;95
5;420;140
5;429;314
5;943;303
5;433;272
5;952;126
5;442;392
5;443;109
5;444;411
5;445;467
5;448;112
5;450;74
5;454;259
5;966;292
5;457;326
5;460;318
5;976;300
5;977;272
5;982;395
5;470;490
5;472;163
5;474;310
5;998;469
5;1000;171
5;490;364
5;492;294
5;494;15
5;497;54
5;503;132
5;506;27
5;507;136
6;5;194
6;520;365
6;524;464
6;525;8
6;530;47
6;539;213
6;548;381
6;550;119
6;555;208
6;556;390
6;46;166
6;47;271
6;561;124
6;50;132
6;565;105
6;571;106
6;67;305
6;83;499
6;598;154
6;602;397
6;603;115
6;604;260
6;614;243
6;108;363
6;116;292
6;119;359
6;120;240
6;632;199
6;133;204
6;140;146
6;653;336
6;656;163
6;144;338
6;145;356
6;148;441
6;150;14
6;151;161
6;165;122
6;678;300
6;677;54
6;166;233
6;682;406
6;683;211
6;684;473
6;685;306
6;177;293
6;186;487
6;701;208
6;197;137
6;710;190
6;719;319
6;733;429
6;221;421
6;224;149
6;228;295
6;233;413
6;235;241
6;236;104
6;241;131
6;247;289
6;759;311
6;249;498
6;762;283
6;251;69
6;767;90
6;261;400
6;264;133
6;777;336
6;265;468
6;782;142
6;783;50
6;272;119
6;274;253
6;789;468
6;790;9
6;794;241
6;287;284
6;805;369
6;298;318
6;301;64
6;303;100
6;823;43
6;314;483
6;827;218
6;826;159
6;324;193
6;325;193
6;842;200
6;843;3
6;335;245
6;336;183
6;849;139
6;337;225
6;851;38
6;340;472
6;853;32
6;342;80
6;855;72
6;869;190
6;870;495
6;359;278
6;364;282
6;876;362
6;878;80
6;369;170
6;890;393
6;895;393
6;898;71
6;906;438
6;912;406
6;914;127
6;915;126
6;932;474
6;938;131
6;428;440
6;441;106
6;450;277
6;971;22
6;973;43
6;464;357
6;987;458
6;990;86
6;993;428
6;484;126
6;485;396
6;486;209
6;492;182
6;507;233
6;509;364
7;513;276
7;2;425
7;515;255
7;514;419
7;517;118
7;5;56
7;7;199
7;8;386
7;6;153
7;10;498
7;523;226
7;525;232
7;14;180
7;533;395
7;21;131
7;23;361
7;537;162
7;26;441
7;538;175
7;540;379
7;28;388
7;539;259
7;543;138
7;32;378
7;545;229
7;549;476
7;38;338
7;554;203
7;42;373
7;45;492
7;557;199
7;558;337
7;559;284
7;49;341
7;55;232
7;569;192
7;60;273
7;572;24
7;578;237
7;68;42
7;581;13
7;583;27
7;584;134
7;74;221
7;75;202
7;588;497
7;77;24
7;587;289
7;592;484
7;593;90
7;85;487
7;86;209
7;600;294
7;89;355
7;601;425
7;605;29
7;607;145
7;608;368
7;98;495
7;103;304
7;105;43
7;619;131
7;621;97
7;111;402
7;113;224
7;115;66
7;633;10
7;122;136
7;635;241
7;123;170
7;124;401
7;126;377
7;127;119
7;640;122
7;644;283
7;645;117
7;647;451
7;139;107
7;141;448
7;143;314
7;147;219
7;148;229
7;662;66
7;663;2
7;150;65
7;153;282
7;666;167
7;667;344
7;162;338
7;674;413
7;163;253
7;681;107
7;169;263
7;684;241
7;685;189
7;688;215
7;690;240
7;691;9
7;182;444
7;695;430
7;697;338
7;186;368
7;698;197
7;699;486
7;701;207
7;191;275
7;703;340
7;195;125
7;708;404
7;198;388
7;199;17
7;712;320
7;202;123
7;203;53
7;205;143
7;719;75
7;208;242
7;724;322
7;726;184
7;216;226
7;218;206
7;731;123
7;220;409
7;730;444
7;732;222
7;735;472
7;734;123
7;733;355
7;739;323
7;741;23
7;229;39
7;744;330
7;232;445
7;747;20
7;748;79
7;749;313
7;239;319
7;755;468
7;244;110
7;757;475
7;249;82
7;766;209
7;769;1
7;771;29
7;264;348
7;784;301
7;273;109
7;788;171
7;279;344
7;285;107
7;798;220
7;286;112
7;287;192
7;293;369
7;806;281
7;296;139
7;810;479
7;811;250
7;300;86
7;814;431
7;303;475
7;816;99
7;304;36
7;817;474
7;819;359
7;307;276
7;309;148
7;821;83
7;311;145
7;825;408
7;827;81
7;316;234
7;830;309
7;320;152
7;326;425
7;843;113
7;844;309
7;848;214
7;850;482
7;339;179
7;853;214
7;854;342
7;342;141
7;856;114
7;857;452
7;344;290
7;859;409
7;349;42
7;350;180
7;351;322
7;866;183
7;355;31
7;361;266
7;874;68
7;362;380
7;875;429
7;365;167
7;363;47
7;884;106
7;375;428
7;888;371
7;896;65
7;897;29
7;386;236
7;899;489
7;900;465
7;387;432
7;902;330
7;390;251
7;904;492
7;393;119
7;906;360
7;907;77
7;398;201
7;408;308
7;922;71
7;410;216
7;926;484
7;417;24
7;934;64
7;428;14
7;943;154
7;432;359
7;433;255
7;434;286
7;947;435
7;948;100
7;949;482
7;950;200
7;437;484
7;952;190
7;954;109
7;443;72
7;955;204
7;447;397
7;960;426
7;962;8
7;964;246
7;457;400
7;468;57
7;981;101
7;980;240
7;471;177
7;473;464
7;987;392
7;476;7
7;989;340
7;991;342
7;480;210
7;994;109
7;995;154
7;996;109
7;483;328
7;999;233
7;493;459
7;501;30
7;505;344
7;510;264
8;2;250
8;4;164
8;5;63
8;6;160
8;520;372
8;524;27
8;531;386
8;23;463
8;25;269
8;26;220
8;539;292
8;542;263
8;33;483
8;546;320
8;550;475
8;41;315
8;554;382
8;555;392
8;558;370
8;562;428
8;51;244
8;53;243
8;566;32
8;567;75
8;570;364
8;575;35
8;67;417
8;583;243
8;585;440
8;595;109
8;599;136
8;602;445
8;604;92
8;609;424
8;610;33
8;97;222
8;99;78
8;614;94
8;105;328
8;109;41
8;110;195
8;112;378
8;116;315
8;630;49
8;119;319
8;632;325
8;633;471
8;641;451
8;648;468
8;649;274
8;140;497
8;141;19
8;144;70
8;656;14
8;148;398
8;662;434
8;151;487
8;665;294
8;668;259
8;157;133
8;671;134
8;673;452
8;677;366
8;678;404
8;165;361
8;683;59
8;684;67
8;174;263
8;176;291
8;689;430
8;177;419
8;179;249
8;180;299
8;692;378
8;184;379
8;697;74
8;192;380
8;710;40
8;711;386
8;713;259
8;202;183
8;201;383
8;207;316
8;720;332
8;721;243
8;722;283
8;732;289
8;733;76
8;224;69
8;736;113
8;228;308
8;231;423
8;232;21
8;233;310
8;235;178
8;751;174
8;753;62
8;242;337
8;759;323
8;248;457
8;249;41
8;761;463
8;760;404
8;255;249
8;768;81
8;258;339
8;777;1
8;778;76
8;265;108
8;266;345
8;782;354
8;271;438
8;275;180
8;276;107
8;790;29
8;792;364
8;280;324
8;794;52
8;283;343
8;284;38
8;795;391
8;287;286
8;802;274
8;803;18
8;804;196
8;805;35
8;807;274
8;297;367
8;302;416
8;303;110
8;818;3
8;823;7
8;824;10
8;827;214
8;832;27
8;324;24
8;329;39
8;842;79
8;332;233
8;334;150
8;335;255
8;848;116
8;337;134
8;849;444
8;851;415
8;340;271
8;341;483
8;342;357
8;343;172
8;344;450
8;854;189
8;348;167
8;862;318
8;358;22
8;359;25
8;870;145
8;878;210
8;879;140
8;368;26
8;369;205
8;371;352
8;886;395
8;379;305
8;384;233
8;385;418
8;391;123
8;905;286
8;906;481
8;908;297
8;401;133
8;914;240
8;404;78
8;408;233
8;922;441
8;926;33
8;927;72
8;416;375
8;932;283
8;933;225
8;934;188
8;938;445
8;939;334
8;430;101
8;432;182
8;433;227
8;436;201
8;957;484
8;447;337
8;450;119
8;454;324
8;967;153
8;458;291
8;971;54
8;460;428
8;462;12
8;469;269
8;983;421
8;474;471
8;991;141
8;993;456
8;482;370
8;484;178
8;997;59
8;998;145
8;485;388
8;488;200
8;496;271
8;499;209
9;512;315
9;1;190
9;518;172
9;8;200
9;15;293
9;528;190
9;527;291
9;536;274
9;28;232
9;31;206
9;35;207
9;549;78
9;554;168
9;42;151
9;48;312
9;51;365
9;55;475
9;56;113
9;58;399
9;571;366
9;61;460
9;62;413
9;577;446
9;65;178
9;66;100
9;74;162
9;586;77
9;79;242
9;592;400
9;596;100
9;597;276
9;598;176
9;603;424
9;93;477
9;95;365
9;611;117
9;100;120
9;612;449
9;615;107
9;616;186
9;107;334
9;108;297
9;110;387
9;625;185
9;627;201
9;115;194
9;118;56
9;631;310
9;121;479
9;124;287
9;638;55
9;128;282
9;129;150
9;645;113
9;646;328
9;133;265
9;652;142
9;657;95
9;659;255
9;149;467
9;664;207
9;668;83
9;670;91
9;159;217
9;680;325
9;171;417
9;172;208
9;175;6
9;179;497
9;698;114
9;702;465
9;703;297
9;198;115
9;206;488
9;211;192
9;212;351
9;727;115
9;227;471
9;230;358
9;235;317
9;759;361
9;248;259
9;253;84
9;254;300
9;256;174
9;260;421
9;267;240
9;268;204
9;269;383
9;272;216
9;281;141
9;796;449
9;285;52
9;295;414
9;296;305
9;299;291
9;308;1
9;820;210
9;318;417
9;321;169
9;835;293
9;330;96
9;332;363
9;338;115
9;339;251
9;344;75
9;346;463
9;347;50
9;355;61
9;876;318
9;366;326
9;882;415
9;883;68
9;374;156
9;375;140
9;382;54
9;383;358
9;388;96
9;390;382
9;393;431
9;396;1
9;401;196
9;402;435
9;403;140
9;913;4
9;413;11
9;927;132
9;929;207
9;932;208
9;944;46
9;433;132
9;439;452
9;954;336
9;444;33
9;445;409
9;959;189
9;448;40
9;454;44
9;460;475
9;468;239
9;474;292
9;483;127
9;492;40
10;1;377
10;518;428
10;8;436
10;521;316
10;15;44
10;528;47
10;530;306
10;536;347
10;28;269
10;540;174
10;545;378
10;34;175
10;35;368
10;549;26
10;39;113
10;554;426
10;42;342
10;555;435
10;53;87
10;55;130
10;57;87
10;58;490
10;62;470
10;64;340
10;65;495
10;66;89
10;579;293
10;67;317
10;71;392
10;584;270
10;74;301
10;586;400
10;76;359
10;79;453
10;592;164
10;82;301
10;597;372
10;598;490
10;603;187
10;92;327
10;93;340
10;95;43
10;611;183
10;100;388
10;612;336
10;616;460
10;107;168
10;108;384
10;109;320
10;624;176
10;628;204
10;118;27
10;631;141
10;121;85
10;124;136
10;638;318
10;128;381
10;129;122
10;131;472
10;645;270
10;646;6
10;133;183
10;135;173
10;139;17
10;652;131
10;141;279
10;655;235
10;657;339
10;146;231
10;659;292
10;660;435
10;149;223
10;664;10
10;670;69
10;159;428
10;671;418
10;680;332
10;169;70
10;171;385
10;172;58
10;175;207
10;179;140
10;180;315
10;694;446
10;696;146
10;698;286
10;706;4
10;711;375
10;204;16
10;205;479
10;206;439
10;212;340
10;726;329
10;227;488
10;230;428
10;243;144
10;251;194
10;253;46
10;257;280
10;258;32
10;260;159
10;267;462
10;780;169
10;787;60
10;277;396
10;279;496
10;796;324
10;285;333
10;803;355
10;295;7
10;809;417
10;299;273
10;301;494
10;813;483
10;308;154
10;310;28
10;823;233
10;318;367
10;830;183
10;321;437
10;322;230
10;323;420
10;326;346
10;839;314
10;330;195
10;842;9
10;332;468
10;333;20
10;334;202
10;849;156
10;338;314
10;339;86
10;851;143
10;340;156
10;346;403
10;347;5
10;355;471
10;356;21
10;373;305
10;374;349
10;375;277
10;377;115
10;890;240
10;386;325
10;388;418
10;390;133
10;393;449
10;399;370
10;912;356
10;401;384
10;402;332
10;413;493
10;928;448
10;420;274
10;934;318
10;429;138
10;433;111
10;945;498
10;444;321
10;445;40
10;959;30
10;448;115
10;454;489
10;967;379
10;971;113
10;460;289
10;474;115
10;1000;218
10;492;161
10;494;395
10;506;123
11;7;236
11;522;86
11;21;487
11;537;328
11;545;55
11;36;354
11;51;326
11;563;443
11;573;200
11;63;80
11;579;294
11;591;408
11;95;88
11;98;367
11;99;154
11;612;295
11;103;28
11;118;415
11;120;229
11;125;203
11;639;488
11;642;262
11;644;292
11;136;485
11;660;171
11;665;143
11;155;369
11;668;191
11;669;195
11;168;381
11;172;475
11;686;353
11;690;303
11;691;221
11;695;341
11;699;55
11;702;66
11;706;475
11;197;235
11;714;20
11;202;276
11;213;419
11;734;67
11;738;186
11;228;453
11;741;40
11;754;78
11;756;282
11;252;348
11;769;499
11;259;361
11;783;355
11;271;159
11;788;407
11;789;263
11;800;378
11;289;307
11;810;119
11;304;374
11;823;392
11;831;350
11;833;6
11;834;492
11;329;101
11;844;75
11;850;419
11;853;155
11;860;433
11;348;142
11;862;359
11;866;152
11;358;338
11;360;116
11;879;347
11;882;493
11;380;315
11;902;403
11;903;80
11;904;228
11;394;329
11;395;82
11;908;405
11;398;230
11;406;402
11;919;6
11;407;93
11;414;322
11;931;189
11;420;97
11;422;286
11;423;282
11;935;212
11;942;39
11;435;407
11;951;274
11;972;256
11;462;492
11;991;469
11;997;396
11;496;220
11;504;301
12;2;269
12;5;32
12;6;96
12;519;158
12;520;37
12;522;470
12;523;187
12;524;453
12;16;331
12;20;269
12;533;261
12;532;125
12;23;176
12;25;100
12;539;77
12;541;7
12;542;122
12;544;43
12;33;336
12;546;481
12;550;221
12;555;63
12;556;300
12;43;448
12;558;491
12;47;175
12;559;188
12;561;252
12;562;79
12;50;71
12;53;218
12;566;293
12;567;259
12;57;75
12;570;271
12;59;63
12;61;237
12;574;318
12;575;332
12;64;37
12;62;146
12;578;318
12;67;378
12;579;14
12;576;419
12;585;385
12;589;425
12;591;298
12;80;89
12;82;333
12;84;170
12;86;313
12;87;364
12;602;64
12;604;228
12;609;31
12;97;426
12;610;337
12;613;225
12;614;110
12;616;141
12;109;479
12;110;184
12;111;338
12;112;73
12;623;115
12;116;191
12;630;183
12;119;306
12;632;217
12;120;315
12;631;489
12;641;283
12;642;368
12;649;420
12;138;422
12;144;113
12;656;339
12;147;66
12;659;155
12;150;291
12;151;140
12;665;390
12;154;445
12;666;66
12;157;129
12;671;450
12;673;185
12;674;456
12;163;180
12;165;44
12;678;102
12;677;439
12;683;168
12;684;153
12;173;168
12;175;191
12;176;239
12;689;46
12;178;343
12;691;160
12;180;64
12;181;253
12;695;236
12;188;406
12;192;172
12;195;177
12;196;498
12;709;142
12;711;224
12;199;340
12;713;27
12;715;299
12;717;116
12;719;47
12;720;91
12;721;88
12;210;11
12;209;376
12;212;61
12;729;94
12;731;340
12;732;212
12;733;279
12;224;361
12;736;102
12;228;463
12;232;205
12;233;440
12;234;466
12;235;363
12;236;211
12;744;59
12;239;481
12;751;134
12;753;343
12;245;53
12;247;40
12;759;336
12;761;478
12;762;320
12;249;29
12;764;385
12;248;48
12;255;154
12;768;464
12;772;240
12;261;12
12;263;98
12;265;410
12;266;352
12;778;267
12;777;277
12;268;30
12;781;341
12;271;108
12;783;250
12;274;326
12;276;410
12;788;447
12;790;18
12;791;94
12;792;432
12;794;408
12;795;170
12;284;500
12;797;151
12;283;417
12;287;451
12;285;205
12;803;234
12;804;111
12;805;321
12;807;468
12;297;17
12;298;453
12;812;489
12;302;482
12;303;235
12;815;332
12;823;186
12;314;211
12;827;17
12;832;264
12;324;428
12;329;80
12;842;200
12;335;493
12;848;289
12;849;177
12;336;137
12;851;381
12;340;209
12;337;48
12;342;334
12;343;65
12;344;455
12;855;82
12;861;51
12;862;428
12;353;189
12;354;153
12;869;172
12;870;82
12;359;319
12;361;12
12;876;472
12;878;322
12;368;386
12;881;406
12;883;147
12;886;362
12;376;248
12;889;183
12;890;204
12;377;225
12;894;39
12;895;225
12;385;353
12;898;324
12;386;228
12;389;9
12;905;158
12;394;66
12;908;257
12;396;91
12;913;486
12;914;146
12;915;131
12;403;477
12;413;500
12;414;387
12;927;448
12;419;68
12;932;204
12;934;435
12;935;282
12;423;402
12;937;357
12;938;399
12;939;437
12;429;388
12;432;396
12;946;25
12;436;386
12;437;247
12;439;487
12;951;29
12;954;470
12;443;187
12;957;368
12;446;167
12;450;307
12;966;336
12;969;500
12;458;131
12;971;120
12;972;398
12;973;381
12;462;386
12;463;9
12;464;237
12;460;134
12;469;415
12;470;18
12;471;496
12;982;304
12;986;68
12;987;198
12;993;445
12;994;333
12;484;393
12;997;400
12;486;327
12;998;98
12;485;455
12;996;461
12;494;367
12;499;419
12;501;95
13;514;384
13;3;374
13;516;186
13;5;336
13;518;168
13;519;246
13;4;202
13;521;203
13;11;214
13;12;348
13;13;279
13;529;123
13;18;53
13;531;25
13;532;92
13;20;486
13;534;101
13;24;30
13;27;349
13;540;462
13;541;311
13;30;19
13;544;431
13;545;28
13;547;232
13;548;25
13;36;458
13;38;88
13;40;499
13;553;489
13;552;412
13;43;124
13;559;41
13;48;209
13;561;369
13;49;385
13;51;425
13;564;22
13;566;29
13;568;365
13;570;116
13;60;257
13;576;37
13;68;300
13;69;329
13;582;278
13;71;111
13;70;409
13;584;162
13;586;53
13;78;65
13;80;438
13;593;177
13;594;14
13;595;32
13;86;257
13;87;115
13;88;284
13;605;56
13;606;20
13;94;144
13;608;39
13;96;157
13;101;2
13;102;33
13;104;275
13;105;397
13;620;494
13;622;95
13;623;95
13;625;136
13;630;284
13;119;458
13;634;257
13;125;205
13;637;255
13;130;318
13;642;25
13;133;376
13;138;90
13;654;4
13;143;303
13;655;39
13;657;282
13;144;463
13;659;217
13;662;77
13;152;497
13;153;421
13;666;306
13;155;327
13;156;137
13;667;176
13;669;88
13;158;314
13;160;386
13;161;289
13;665;122
13;675;63
13;164;376
13;165;199
13;679;256
13;168;353
13;167;399
13;171;48
13;686;498
13;687;43
13;181;127
13;183;248
13;185;460
13;699;478
13;187;211
13;189;28
13;190;363
13;191;213
13;701;452
13;705;145
13;194;374
13;706;166
13;198;133
13;711;382
13;201;292
13;714;407
13;204;10
13;717;400
13;719;344
13;209;79
13;723;419
13;214;190
13;215;451
13;730;471
13;222;423
13;734;387
13;736;44
13;223;301
13;226;2
13;740;256
13;742;447
13;231;416
13;237;448
13;749;342
13;754;446
13;242;194
13;756;386
13;755;307
13;246;474
13;250;6
13;252;146
13;255;276
13;256;424
13;257;44
13;258;461
13;259;390
13;771;465
13;767;193
13;262;398
13;775;35
13;783;128
13;784;447
13;785;278
13;787;494
13;788;106
13;789;69
13;278;64
13;792;195
13;282;433
13;796;335
13;286;262
13;288;51
13;801;358
13;290;294
13;294;91
13;810;347
13;300;177
13;813;289
13;816;144
13;305;374
13;817;125
13;820;386
13;310;349
13;312;203
13;826;248
13;316;276
13;317;112
13;831;1
13;836;474
13;327;217
13;841;348
13;331;339
13;844;339
13;847;372
13;341;66
13;853;42
13;343;85
13;345;88
13;859;83
13;860;79
13;347;202
13;863;79
13;864;93
13;353;9
13;354;115
13;357;327
13;360;55
13;872;180
13;873;415
13;877;157
13;879;21
13;370;490
13;371;166
13;372;466
13;884;343
13;882;441
13;374;279
13;378;421
13;891;224
13;892;473
13;381;151
13;890;229
13;387;323
13;901;129
13;903;313
13;391;315
13;396;231
13;910;242
13;911;76
13;403;283
13;404;68
13;405;184
13;917;485
13;918;199
13;919;500
13;406;359
13;407;123
13;412;247
13;925;25
13;414;379
13;927;79
13;931;295
13;422;258
13;423;474
13;424;449
13;936;482
13;427;400
13;435;174
13;949;202
13;951;364
13;439;46
13;953;264
13;957;205
13;958;63
13;959;292
13;446;21
13;449;488
13;447;14
13;963;425
13;452;5
13;453;120
13;966;87
13;967;192
13;456;183
13;459;321
13;972;183
13;975;71
13;463;269
13;976;395
13;979;91
13;982;409
13;476;349
13;990;19
13;479;215
13;991;96
13;483;311
13;997;104
13;485;326
13;487;70
13;998;447
13;489;229
13;488;84
13;999;433
13;493;280
13;500;83
13;502;340
13;504;217
13;505;47
13;507;53
13;508;174
13;509;174
14;1;459
14;3;453
14;4;437
14;11;437
14;12;201
14;15;397
14;530;161
14;20;210
14;534;438
14;536;432
14;28;355
14;35;418
14;549;141
14;40;402
14;553;151
14;554;187
14;557;46
14;48;430
14;56;259
14;568;287
14;58;46
14;61;234
14;576;293
14;65;36
14;66;104
14;579;314
14;580;134
14;69;351
14;79;116
14;592;257
14;86;111
14;601;50
14;604;428
14;95;82
14;608;332
14;615;411
14;618;355
14;107;212
14;627;95
14;628;430
14;629;133
14;631;121
14;632;446
14;121;496
14;120;150
14;633;99
14;125;285
14;638;341
14;128;14
14;129;134
14;642;159
14;643;368
14;132;274
14;133;491
14;646;463
14;138;398
14;652;206
14;141;275
14;655;168
14;146;45
14;658;331
14;660;296
14;147;288
14;662;185
14;153;444
14;155;401
14;667;470
14;669;132
14;156;460
14;159;68
14;671;173
14;672;206
14;674;290
14;675;359
14;680;64
14;172;14
14;174;64
14;689;163
14;694;387
14;183;438
14;698;79
14;192;78
14;193;138
14;204;107
14;207;486
14;722;390
14;211;288
14;212;495
14;214;40
14;730;144
14;218;131
14;732;138
14;734;461
14;737;247
14;227;453
14;741;296
14;230;61
14;743;250
14;235;280
14;749;157
14;238;401
14;752;263
14;243;57
14;756;457
14;246;494
14;250;165
14;762;324
14;764;470
14;253;274
14;763;414
14;255;395
14;256;84
14;770;111
14;259;411
14;260;58
14;774;421
14;775;494
14;267;378
14;784;418
14;788;131
14;279;226
14;283;164
14;286;109
14;798;183
14;288;305
14;800;439
14;802;297
14;291;12
14;807;443
14;296;194
14;809;142
14;301;203
14;305;394
14;817;395
14;312;162
14;317;5
14;318;298
14;319;240
14;840;157
14;331;303
14;332;322
14;844;162
14;341;364
14;860;450
14;863;357
14;865;408
14;354;97
14;873;365
14;364;8
14;366;43
14;879;469
14;368;441
14;880;6
14;373;9
14;374;3
14;375;51
14;890;14
14;379;123
14;381;496
14;382;163
14;893;423
14;897;365
14;388;42
14;900;358
14;393;276
14;396;264
14;397;281
14;910;67
14;911;307
14;402;166
14;405;477
14;918;173
14;413;329
14;414;131
14;925;140
14;420;89
14;932;371
14;429;433
14;941;56
14;946;270
14;951;219
14;439;56
14;444;147
14;445;417
14;958;255
14;448;17
14;452;434
14;454;114
14;456;448
14;459;48
14;460;311
14;463;4
14;975;414
14;469;187
14;472;317
14;990;73
14;993;493
14;494;305
14;495;253
14;504;179
14;506;69
14;507;497
14;509;449
15;517;304
15;519;197
15;9;392
15;10;288
15;14;359
15;16;95
15;529;120
15;531;28
15;21;400
15;538;138
15;26;75
15;29;207
15;541;268
15;545;109
15;37;223
15;38;405
15;559;224
15;50;151
15;54;128
15;570;85
15;574;175
15;577;268
15;75;480
15;76;139
15;591;192
15;81;320
15;83;154
15;85;383
15;92;144
15;97;167
15;105;103
15;621;347
15;112;418
15;115;471
15;627;347
15;630;162
15;633;437
15;636;220
15;637;327
15;640;322
15;644;215
15;134;215
15;646;467
15;650;484
15;148;104
15;661;92
15;662;177
15;154;1
15;155;292
15;672;209
15;676;163
15;165;291
15;164;217
15;167;273
15;682;447
15;173;143
15;692;171
15;186;43
15;699;455
15;701;432
15;703;310
15;194;131
15;706;255
15;708;282
15;709;275
15;197;302
15;716;176
15;717;244
15;720;85
15;211;450
15;725;178
15;216;341
15;217;239
15;731;476
15;220;277
15;221;439
15;734;29
15;738;283
15;229;189
15;753;302
15;755;35
15;757;456
15;249;345
15;252;18
15;765;70
15;774;214
15;262;226
15;777;360
15;780;388
15;781;285
15;268;135
15;784;386
15;785;109
15;786;173
15;787;222
15;276;127
15;279;195
15;805;452
15;808;143
15;297;296
15;810;102
15;816;307
15;307;484
15;825;264
15;830;177
15;835;448
15;836;24
15;837;406
15;838;126
15;839;286
15;328;171
15;323;137
15;844;234
15;850;313
15;339;326
15;852;434
15;851;98
15;856;46
15;350;409
15;351;295
15;876;451
15;881;303
15;888;251
15;376;486
15;891;252
15;893;101
15;384;162
15;897;470
15;389;413
15;901;302
15;391;30
15;908;72
15;909;220
15;398;138
15;404;71
15;926;381
15;415;263
15;927;386
15;935;392
15;423;313
15;947;114
15;437;301
15;438;460
15;950;156
15;952;81
15;956;466
15;963;33
15;964;412
15;454;196
15;455;500
15;457;332
15;979;396
15;473;330
15;986;260
15;475;281
15;474;218
15;989;151
15;481;338
15;994;49
15;993;92
15;996;160
15;491;90
15;498;299
15;503;136
15;508;135
15;510;188
15;511;424
16;3;485
16;515;58
16;519;56
16;525;141
16;13;286
16;17;498
16;18;2
16;531;26
16;532;24
16;22;173
16;534;91
16;29;316
16;541;310
16;545;441
16;546;44
16;547;3
16;548;158
16;549;195
16;38;258
16;40;49
16;553;184
16;555;438
16;561;269
16;563;412
16;566;356
16;568;252
16;569;135
16;61;49
16;577;431
16;580;14
16;582;159
16;78;206
16;590;366
16;83;334
16;598;273
16;87;371
16;88;398
16;601;193
16;91;120
16;94;299
16;103;450
16;625;460
16;634;276
16;129;244
16;131;79
16;134;153
16;649;438
16;144;499
16;660;253
16;153;286
16;666;405
16;158;281
16;161;248
16;164;403
16;167;97
16;681;272
16;175;444
16;178;57
16;181;8
16;693;494
16;185;151
16;193;134
16;198;376
16;199;5
16;715;181
16;204;150
16;203;190
16;716;335
16;208;302
16;720;319
16;722;281
16;211;15
16;724;302
16;217;91
16;731;54
16;743;188
16;236;490
16;237;204
16;752;129
16;754;316
16;755;188
16;766;252
16;770;161
16;260;201
16;264;128
16;269;109
16;783;367
16;788;431
16;789;229
16;283;33
16;800;428
16;291;366
16;293;306
16;806;352
16;809;105
16;810;269
16;813;126
16;822;499
16;312;12
16;825;458
16;826;429
16;315;393
16;314;22
16;837;87
16;326;5
16;839;113
16;840;151
16;841;127
16;331;241
16;846;65
16;334;67
16;852;194
16;344;150
16;858;161
16;347;417
16;351;376
16;864;73
16;866;391
16;868;30
16;360;417
16;361;249
16;873;465
16;365;467
16;880;113
16;372;84
16;377;85
16;892;345
16;380;210
16;382;362
16;894;333
16;387;216
16;398;450
16;403;202
16;915;185
16;917;288
16;406;264
16;919;494
16;411;202
16;412;288
16;414;70
16;415;3
16;418;341
16;931;109
16;932;27
16;419;300
16;423;229
16;935;33
16;936;72
16;426;19
16;424;447
16;944;50
16;434;182
16;947;256
16;436;289
16;949;369
16;951;236
16;440;173
16;953;490
16;444;226
16;446;489
16;962;18
16;963;178
16;964;305
16;456;340
16;970;415
16;459;145
16;973;23
16;975;83
16;978;74
16;982;39
16;983;318
16;473;142
16;474;48
16;990;18
16;479;145
16;488;422
16;496;285
16;499;467
16;504;58
16;511;130
17;515;484
17;517;142
17;9;260
17;521;300
17;12;205
17;526;239
17;21;364
17;26;420
17;541;208
17;543;468
17;32;191
17;34;434
17;551;278
17;44;212
17;45;203
17;46;457
17;559;367
17;52;21
17;565;173
17;566;263
17;569;30
17;61;393
17;75;184
17;77;127
17;80;19
17;593;334
17;598;235
17;601;276
17;90;196
17;605;277
17;607;337
17;99;139
17;100;75
17;614;317
17;103;202
17;105;295
17;617;491
17;621;382
17;111;82
17;626;441
17;627;279
17;117;161
17;630;144
17;123;383
17;635;205
17;127;244
17;643;26
17;644;497
17;646;399
17;647;151
17;135;204
17;137;292
17;656;151
17;145;293
17;158;449
17;670;371
17;161;231
17;162;253
17;676;303
17;681;347
17;682;498
17;685;417
17;177;473
17;690;301
17;692;238
17;695;73
17;700;266
17;708;16
17;200;163
17;203;149
17;716;197
17;727;365
17;728;272
17;220;391
17;221;376
17;734;353
17;735;359
17;223;238
17;738;86
17;739;488
17;744;446
17;746;68
17;241;339
17;243;35
17;757;431
17;245;479
17;760;136
17;248;125
17;763;106
17;767;267
17;776;216
17;264;164
17;779;382
17;780;446
17;782;86
17;273;422
17;274;430
17;789;19
17;279;217
17;280;4
17;282;265
17;285;454
17;797;222
17;291;383
17;806;360
17;811;77
17;300;285
17;814;282
17;304;164
17;821;413
17;320;54
17;322;331
17;836;352
17;328;479
17;844;307
17;845;425
17;348;264
17;861;171
17;350;294
17;351;288
17;865;357
17;355;4
17;871;134
17;362;69
17;879;207
17;885;491
17;373;43
17;888;220
17;893;335
17;896;106
17;384;450
17;897;55
17;900;497
17;389;261
17;902;255
17;903;3
17;392;126
17;905;306
17;906;69
17;901;141
17;908;322
17;399;386
17;913;430
17;924;361
17;926;424
17;929;396
17;418;389
17;423;454
17;425;190
17;431;21
17;948;159
17;949;287
17;442;418
17;443;497
17;956;432
17;954;433
17;958;18
17;960;418
17;961;53
17;449;192
17;974;160
17;977;254
17;466;279
17;981;59
17;984;414
17;475;34
17;477;252
17;478;395
17;991;441
17;481;60
17;994;185
17;996;110
17;484;100
17;1000;188
17;498;247
17;501;34
17;503;124
17;510;135
17;511;135
18;4;39
18;519;441
18;9;198
18;10;154
18;20;461
18;535;49
18;26;380
18;27;412
18;543;23
18;34;185
18;551;223
18;560;165
18;49;362
18;562;135
18;52;496
18;573;394
18;582;410
18;583;458
18;80;387
18;593;472
18;596;13
18;90;261
18;605;316
18;607;325
18;611;225
18;615;64
18;617;353
18;106;123
18;117;140
18;124;452
18;637;476
18;126;328
18;639;217
18;643;150
18;131;381
18;654;439
18;662;205
18;673;42
18;685;11
18;688;99
18;179;283
18;183;346
18;697;12
18;700;295
18;192;390
18;708;112
18;202;316
18;721;149
18;217;117
18;730;268
18;745;88
18;754;383
18;242;411
18;763;60
18;264;200
18;776;365
18;779;186
18;268;49
18;784;232
18;272;417
18;276;372
18;279;306
18;793;96
18;801;276
18;802;480
18;291;430
18;295;385
18;300;211
18;814;243
18;304;74
18;829;226
18;320;275
18;331;498
18;845;98
18;334;457
18;852;22
18;854;364
18;342;90
18;348;381
18;350;468
18;893;444
18;899;386
18;908;188
18;909;446
18;913;331
18;405;417
18;921;403
18;409;27
18;410;196
18;924;321
18;926;47
18;930;2
18;420;322
18;430;189
18;947;98
18;948;189
18;949;495
18;438;277
18;443;18
18;956;301
18;447;500
18;455;84
18;973;209
18;974;204
18;977;491
18;980;40
18;981;209
18;982;141
18;473;346
18;477;264
18;478;383
18;991;386
18;992;235
18;994;66
18;995;214
18;996;397
18;999;467
18;491;258
18;495;124
18;498;195
18;510;58
19;513;277
19;515;29
19;517;254
19;6;256
19;7;311
19;522;317
19;10;184
19;523;345
19;14;9
19;527;457
19;529;160
19;17;141
19;18;17
19;20;245
19;21;11
19;532;275
19;535;44
19;536;400
19;537;424
19;538;388
19;25;421
19;531;375
19;31;481
19;543;492
19;34;191
19;37;217
19;42;23
19;44;127
19;45;421
19;46;40
19;48;54
19;563;292
19;52;237
19;54;242
19;55;426
19;57;42
19;570;170
19;573;55
19;63;277
19;576;122
19;579;486
19;72;296
19;586;324
19;77;203
19;590;295
19;79;268
19;597;317
19;90;92
19;91;485
19;92;363
19;604;117
19;96;163
19;609;486
19;98;334
19;99;400
19;100;228
19;610;365
19;103;275
19;617;51
19;106;364
19;105;81
19;114;247
19;115;189
19;628;302
19;117;498
19;118;461
19;627;426
19;635;4
19;123;81
19;636;117
19;639;289
19;127;359
19;641;146
19;131;19
19;132;231
19;645;480
19;646;378
19;135;393
19;139;295
19;653;282
19;654;13
19;144;490
19;145;219
19;146;42
19;148;434
19;661;19
19;662;314
19;663;155
19;150;417
19;154;253
19;158;321
19;162;470
19;167;151
19;683;25
19;174;494
19;175;357
19;688;133
19;176;2
19;693;352
19;184;488
19;186;425
19;699;127
19;700;311
19;702;395
19;704;9
19;705;63
19;708;46
19;197;271
19;199;425
19;200;60
19;716;188
19;717;421
19;718;328
19;207;254
19;206;490
19;209;335
19;722;496
19;208;24
19;204;248
19;213;2
19;727;83
19;728;284
19;729;383
19;219;285
19;734;255
19;737;277
19;225;293
19;229;458
19;741;148
19;743;376
19;745;238
19;747;280
19;749;398
19;238;147
19;240;315
19;241;325
19;752;266
19;755;30
19;756;285
19;245;321
19;758;295
19;760;103
19;770;494
19;771;235
19;773;415
19;262;264
19;774;59
19;776;132
19;263;185
19;778;359
19;779;2
19;780;196
19;269;103
19;781;329
19;267;314
19;784;493
19;785;409
19;786;285
19;274;440
19;788;2
19;272;317
19;275;292
19;793;196
19;794;460
19;798;197
19;799;203
19;293;422
19;294;380
19;805;428
19;296;83
19;809;23
19;812;51
19;814;36
19;303;124
19;304;355
19;821;191
19;822;24
19;825;65
19;313;304
19;315;268
19;316;174
19;827;140
19;830;228
19;318;420
19;320;357
19;833;263
19;836;35
19;837;5
19;841;339
19;843;403
19;848;113
19;849;31
19;341;446
19;854;246
19;342;425
19;853;294
19;858;63
19;346;369
19;348;467
19;351;347
19;352;315
19;353;355
19;866;247
19;863;481
19;868;28
19;356;92
19;358;380
19;871;173
19;359;29
19;361;229
19;362;342
19;875;380
19;874;366
19;877;409
19;366;207
19;870;214
19;880;128
19;885;250
19;376;190
19;889;396
19;383;191
19;898;266
19;899;213
19;900;311
19;901;387
19;902;202
19;903;277
19;391;267
19;395;348
19;397;99
19;399;355
19;400;67
19;915;109
19;404;396
19;406;335
19;407;405
19;920;163
19;921;287
19;922;435
19;410;121
19;408;125
19;411;70
19;919;218
19;927;311
19;934;460
19;423;278
19;428;452
19;942;22
19;431;16
19;944;478
19;943;118
19;947;3
19;948;226
19;437;73
19;438;1
19;440;406
19;441;493
19;955;333
19;447;28
19;960;295
19;961;234
19;962;465
19;964;172
19;455;287
19;968;242
19;457;247
19;970;51
19;458;329
19;973;161
19;976;203
19;466;105
19;978;420
19;468;277
19;981;189
19;979;18
19;983;451
19;984;5
19;473;110
19;472;277
19;475;381
19;985;270
19;471;30
19;470;58
19;991;46
19;992;452
19;481;146
19;994;435
19;995;225
19;482;422
19;483;112
19;999;121
19;489;75
19;490;279
19;498;71
19;501;197
19;503;201
19;510;347
19;511;414
20;512;103
20;515;500
20;517;138
20;9;86
20;522;42
20;10;286
20;12;296
20;529;463
20;19;193
20;535;322
20;26;71
20;32;486
20;34;119
20;551;190
20;45;218
20;46;431
20;560;448
20;52;395
20;69;287
20;75;248
20;588;230
20;80;113
20;81;268
20;594;159
20;605;224
20;606;439
20;609;419
20;99;291
20;612;193
20;613;265
20;106;23
20;621;418
20;110;354
20;111;495
20;114;322
20;117;55
20;122;379
20;635;187
20;123;319
20;637;239
20;126;500
20;639;99
20;125;86
20;643;63
20;132;281
20;644;77
20;647;20
20;654;429
20;145;167
20;661;401
20;663;280
20;162;412
20;679;24
20;682;76
20;170;99
20;685;190
20;174;275
20;692;247
20;693;485
20;182;201
20;695;147
20;697;488
20;700;302
20;701;404
20;702;371
20;191;2
20;193;166
20;708;355
20;712;99
20;716;422
20;207;426
20;721;279
20;722;177
20;743;191
20;751;152
20;241;49
20;757;72
20;758;383
20;760;479
20;763;395
20;766;357
20;768;40
20;769;269
20;262;331
20;264;199
20;780;115
20;269;400
20;782;475
20;273;6
20;786;362
20;283;440
20;798;365
20;802;161
20;803;375
20;804;416
20;298;352
20;811;328
20;300;203
20;814;242
20;816;287
20;817;400
20;307;69
20;308;67
20;827;333
20;829;35
20;320;164
20;835;261
20;838;213
20;328;296
20;844;118
20;845;399
20;335;122
20;854;72
20;857;292
20;351;394
20;866;20
20;354;255
20;361;269
20;875;426
20;885;310
20;899;67
20;902;361
20;908;86
20;409;258
20;921;73
20;926;133
20;934;216
20;940;68
20;941;435
20;430;380
20;945;269
20;442;432
20;443;75
20;956;274
20;447;362
20;459;18
20;461;375
20;974;13
20;976;229
20;466;54
20;980;490
20;468;16
20;984;460
20;476;35
20;478;436
20;991;386
20;481;2
20;994;28
20;995;36
20;996;100
20;498;176
20;499;306
20;507;39
20;510;48
20;511;427
